-- 1、创建产品表
CREATE TABLE product(
id varchar2(32) default SYS_GUID() PRIMARY KEY,
productNum VARCHAR2(50) NOT NULL,
productName VARCHAR2(50),
cityName VARCHAR2(50),
DepartureTime timestamp,
productPrice Number,
productDesc VARCHAR2(500),
productStatus INT,
CONSTRAINT product UNIQUE (id, productNum)
);

-- 产品表数据
Insert into PRODUCT (ID,PRODUCTNUM,PRODUCTNAME,CITYNAME,DEPARTURETIME,PRODUCTPRICE,PRODUCTDESC,PRODUCTSTATUS) values ('8257D26992484023BB7D301BADA20E89','1001','苏州一日游','苏州',to_timestamp('28-9月 -19 10.45.00.000000000 上午','DD-MON-RR HH.MI.SS.FF AM'),500,'苏州~苏州a 啊啊啊啊',0);
Insert into PRODUCT (ID,PRODUCTNUM,PRODUCTNAME,CITYNAME,DEPARTURETIME,PRODUCTPRICE,PRODUCTDESC,PRODUCTSTATUS) values ('6C9227C4E9444BC9AC27AFC281A3A3FE','1006','广州三日游','广州',to_timestamp('10-10月-18 10.10.00.000000000 上午','DD-MON-RR HH.MI.SS.FF AM'),1200,'不错的旅行，广州很好玩！哈哈哈嘿嘿',1);
Insert into PRODUCT (ID,PRODUCTNUM,PRODUCTNAME,CITYNAME,DEPARTURETIME,PRODUCTPRICE,PRODUCTDESC,PRODUCTSTATUS) values ('B0ADA4670CF447BBBDBDFA8796BA5E6C','1002','深圳三日游','深圳',to_timestamp('28-9月 -19 10.14.00.000000000 上午','DD-MON-RR HH.MI.SS.FF AM'),1000,'深圳深圳',1);
Insert into PRODUCT (ID,PRODUCTNUM,PRODUCTNAME,CITYNAME,DEPARTURETIME,PRODUCTPRICE,PRODUCTDESC,PRODUCTSTATUS) values ('12B7ABF2A4C544568B0A7C69F36BF8B7','1003','上海五日游','上海',to_timestamp('25-4月 -18 02.30.00.000000000 下午','DD-MON-RR HH.MI.SS.FF AM'),1800,'魔都我来了',0);
Insert into PRODUCT (ID,PRODUCTNUM,PRODUCTNAME,CITYNAME,DEPARTURETIME,PRODUCTPRICE,PRODUCTDESC,PRODUCTSTATUS) values ('9F71F01CB448476DAFB309AA6DF9497F','1004','北京三日游','北京',to_timestamp('10-10月-18 10.10.00.000000000 上午','DD-MON-RR HH.MI.SS.FF AM'),1100,'不错的旅行',1);
Insert into PRODUCT (ID,PRODUCTNUM,PRODUCTNAME,CITYNAME,DEPARTURETIME,PRODUCTPRICE,PRODUCTDESC,PRODUCTSTATUS) values ('7007F24308E1412CABF8AD4E1FFDF8D3','1005','成都一日游','成都',to_timestamp('28-9月 -19 10.46.00.000000000 上午','DD-MON-RR HH.MI.SS.FF AM'),2000,'成都成都',0);
Insert into PRODUCT (ID,PRODUCTNUM,PRODUCTNAME,CITYNAME,DEPARTURETIME,PRODUCTPRICE,PRODUCTDESC,PRODUCTSTATUS) values ('EC4D2D61E1974BCC8DE3F2A4354A3F6A','1013','广州国庆游','广州',to_timestamp('29-9月 -19 11.17.00.000000000 下午','DD-MON-RR HH.MI.SS.FF AM'),5000,'国庆就到广州玩',1);


-- 2、创建会员表
CREATE TABLE member(
id varchar2(32) default SYS_GUID() PRIMARY KEY,
NAME VARCHAR2(20),
nickname VARCHAR2(20),
phoneNum VARCHAR2(20),
email VARCHAR2(20)
);

-- 会员表数据
Insert into MEMBER (ID,NAME,NICKNAME,PHONENUM,EMAIL) values ('E61D65F673D54F68B0861025C69773DB','张三','小三','18888888888','zs@163.com');
Insert into MEMBER (ID,NAME,NICKNAME,PHONENUM,EMAIL) values ('C7FF25D304E941E5BAF66FD695DD04CE','李四','小四','19999999999','ls@163.com');


-- 3、创建订单表
CREATE TABLE orders(
id varchar2(32) default SYS_GUID() PRIMARY KEY,
orderNum VARCHAR2(20) NOT NULL UNIQUE,
orderTime timestamp,
peopleCount INT,
orderDesc VARCHAR2(500),
payType INT,
orderStatus INT,
productId varchar2(32),
memberId varchar2(32),
FOREIGN KEY (productId) REFERENCES product(id),
FOREIGN KEY (memberId) REFERENCES member(id)
);

-- 订单表数据
Insert into ORDERS (ID,ORDERNUM,ORDERTIME,PEOPLECOUNT,ORDERDESC,PAYTYPE,ORDERSTATUS,PRODUCTID,MEMBERID) values ('1B71499CB2F041BDA85C4393435BD42B','555',to_timestamp('28-9月 -19 06.37.00.000000000 下午','DD-MON-RR HH.MI.SS.FF AM'),5,'555哈哈哈哈哈',2,1,'7007F24308E1412CABF8AD4E1FFDF8D3','E61D65F673D54F68B0861025C69773DB');
Insert into ORDERS (ID,ORDERNUM,ORDERTIME,PEOPLECOUNT,ORDERDESC,PAYTYPE,ORDERSTATUS,PRODUCTID,MEMBERID) values ('5DC6A48DD4E94592AE904930EA866AFA','54321',to_timestamp('02-3月 -18 12.00.00.000000000 下午','DD-MON-RR HH.MI.SS.FF AM'),2,'广州好玩啊嘿嘿',1,1,'6C9227C4E9444BC9AC27AFC281A3A3FE','E61D65F673D54F68B0861025C69773DB');
Insert into ORDERS (ID,ORDERNUM,ORDERTIME,PEOPLECOUNT,ORDERDESC,PAYTYPE,ORDERSTATUS,PRODUCTID,MEMBERID) values ('2FF351C4AC744E2092DCF08CFD314420','67890',to_timestamp('02-3月 -18 12.00.00.000000000 下午','DD-MON-RR HH.MI.SS.FF AM'),2,'没什么',1,1,'12B7ABF2A4C544568B0A7C69F36BF8B7','E61D65F673D54F68B0861025C69773DB');
Insert into ORDERS (ID,ORDERNUM,ORDERTIME,PEOPLECOUNT,ORDERDESC,PAYTYPE,ORDERSTATUS,PRODUCTID,MEMBERID) values ('E4DD4C45EED84870ABA83574A801083E','11111',to_timestamp('29-9月 -19 01.19.00.000000000 下午','DD-MON-RR HH.MI.SS.FF AM'),2,'广州真好玩',1,1,'6C9227C4E9444BC9AC27AFC281A3A3FE','C7FF25D304E941E5BAF66FD695DD04CE');
Insert into ORDERS (ID,ORDERNUM,ORDERTIME,PEOPLECOUNT,ORDERDESC,PAYTYPE,ORDERSTATUS,PRODUCTID,MEMBERID) values ('96CC8BD43C734CC2ACBFF09501B4DD5D','22222',to_timestamp('02-3月 -18 12.00.00.000000000 下午','DD-MON-RR HH.MI.SS.FF AM'),2,'没什么',0,1,'12B7ABF2A4C544568B0A7C69F36BF8B7','E61D65F673D54F68B0861025C69773DB');
Insert into ORDERS (ID,ORDERNUM,ORDERTIME,PEOPLECOUNT,ORDERDESC,PAYTYPE,ORDERSTATUS,PRODUCTID,MEMBERID) values ('55F9AF582D5A4DB28FB4EC3199385762','33333',to_timestamp('02-3月 -18 12.00.00.000000000 下午','DD-MON-RR HH.MI.SS.FF AM'),2,'没什么',0,1,'9F71F01CB448476DAFB309AA6DF9497F','E61D65F673D54F68B0861025C69773DB');
Insert into ORDERS (ID,ORDERNUM,ORDERTIME,PEOPLECOUNT,ORDERDESC,PAYTYPE,ORDERSTATUS,PRODUCTID,MEMBERID) values ('CA005CF1BE3C4EF68F88ABC7DF30E976','44444',to_timestamp('02-3月 -18 12.00.00.000000000 下午','DD-MON-RR HH.MI.SS.FF AM'),2,'没什么',0,1,'9F71F01CB448476DAFB309AA6DF9497F','E61D65F673D54F68B0861025C69773DB');
Insert into ORDERS (ID,ORDERNUM,ORDERTIME,PEOPLECOUNT,ORDERDESC,PAYTYPE,ORDERSTATUS,PRODUCTID,MEMBERID) values ('64833586157C4ADF80A4CFFB9FA35173','333',to_timestamp('29-9月 -19 11.28.00.000000000 上午','DD-MON-RR HH.MI.SS.FF AM'),3,'33',1,1,'12B7ABF2A4C544568B0A7C69F36BF8B7','C7FF25D304E941E5BAF66FD695DD04CE');


-- 4、创建旅客表
CREATE TABLE traveller(
id varchar2(32) default SYS_GUID() PRIMARY KEY,
NAME VARCHAR2(20),
sex VARCHAR2(20),
phoneNum VARCHAR2(20),
credentialsType INT,
credentialsNum VARCHAR2(50),
travellerType INT
);

-- 旅客表数据
Insert into TRAVELLER (ID,NAME,SEX,PHONENUM,CREDENTIALSTYPE,CREDENTIALSNUM,TRAVELLERTYPE) values ('3FE27DF2A4E44A6DBC5D0FE4651D3D3E','张龙','男','13333333333',0,'123456789009876543',0);
Insert into TRAVELLER (ID,NAME,SEX,PHONENUM,CREDENTIALSTYPE,CREDENTIALSNUM,TRAVELLERTYPE) values ('EE7A71FB6945483FBF91543DBE851960','张小龙','男','15555555555',0,'987654321123456789',1);
Insert into TRAVELLER (ID,NAME,SEX,PHONENUM,CREDENTIALSTYPE,CREDENTIALSNUM,TRAVELLERTYPE) values ('EA1C3C1A0A9F417C87D879E1D6534420','张大龙','男','17777777777',0,'112233445566778899',1);


-- 5、旅客与订单之间是多对多关系，所以我们需要一张中间表（order_traveller）来描述。
CREATE TABLE order_traveller(
orderId varchar2(32),
travellerId varchar2(32),
PRIMARY KEY (orderId,travellerId),
FOREIGN KEY (orderId) REFERENCES orders(id),
FOREIGN KEY (travellerId) REFERENCES traveller(id)
);

-- order_traveller表数据
Insert into ORDER_TRAVELLER (ORDERID,TRAVELLERID) values ('1B71499CB2F041BDA85C4393435BD42B','3FE27DF2A4E44A6DBC5D0FE4651D3D3E');
Insert into ORDER_TRAVELLER (ORDERID,TRAVELLERID) values ('1B71499CB2F041BDA85C4393435BD42B','EE7A71FB6945483FBF91543DBE851960');
Insert into ORDER_TRAVELLER (ORDERID,TRAVELLERID) values ('5DC6A48DD4E94592AE904930EA866AFA','3FE27DF2A4E44A6DBC5D0FE4651D3D3E');
Insert into ORDER_TRAVELLER (ORDERID,TRAVELLERID) values ('E4DD4C45EED84870ABA83574A801083E','EE7A71FB6945483FBF91543DBE851960');
Insert into ORDER_TRAVELLER (ORDERID,TRAVELLERID) values ('2FF351C4AC744E2092DCF08CFD314420','3FE27DF2A4E44A6DBC5D0FE4651D3D3E');
Insert into ORDER_TRAVELLER (ORDERID,TRAVELLERID) values ('55F9AF582D5A4DB28FB4EC3199385762','EE7A71FB6945483FBF91543DBE851960');
Insert into ORDER_TRAVELLER (ORDERID,TRAVELLERID) values ('96CC8BD43C734CC2ACBFF09501B4DD5D','EE7A71FB6945483FBF91543DBE851960');
Insert into ORDER_TRAVELLER (ORDERID,TRAVELLERID) values ('CA005CF1BE3C4EF68F88ABC7DF30E976','EE7A71FB6945483FBF91543DBE851960');
Insert into ORDER_TRAVELLER (ORDERID,TRAVELLERID) values ('64833586157C4ADF80A4CFFB9FA35173','EE7A71FB6945483FBF91543DBE851960');
Insert into ORDER_TRAVELLER (ORDERID,TRAVELLERID) values ('64833586157C4ADF80A4CFFB9FA35173','EA1C3C1A0A9F417C87D879E1D6534420');


-- 6、创建用户表
CREATE TABLE users(
id varchar2(32) default SYS_GUID() PRIMARY KEY,
email VARCHAR2(50) UNIQUE NOT NULL,
username VARCHAR2(50),
PASSWORD VARCHAR2(100),
phoneNum VARCHAR2(20),
STATUS INT
);

-- 用户表数据
Insert into USERS (ID,EMAIL,USERNAME,PASSWORD,PHONENUM,STATUS) values ('CB24CF577D944271BA0FFBD70116F4C7','123@qq.com','zhangsan','$2a$10$gVbyVtC6i6ldn.scW9NX7..QNwRE03TZ.H.JPrQJJfAyUT5HEY8Zm','123',1);
Insert into USERS (ID,EMAIL,USERNAME,PASSWORD,PHONENUM,STATUS) values ('68A67271139A466491FE711756F86425','123','admin','$2a$10$oJiihLfbo9f/XwfShcn5dueLeyLD8TYT7lIIUcoV7pTa6F5bmHH.i','123',1);
Insert into USERS (ID,EMAIL,USERNAME,PASSWORD,PHONENUM,STATUS) values ('C28B8E7FAD924B5D84045ED390DB6C18','222','222','$2a$10$DYuEABkYL1lZWXP9LD1HCuD49ogwIhqazKKbovT/tRWTvRRrUu5Fi','222222',1);
Insert into USERS (ID,EMAIL,USERNAME,PASSWORD,PHONENUM,STATUS) values ('7D7C7AD9446C4E17A5DE8DBB71105335','111@qq.com','111','$2a$10$40hXUzuONYBiQQatC2js4OtQknYPfzj9PIpETmm5eCjh0iAbsaPlS','111',1);


-- 7、创建角色表
CREATE TABLE role(
id varchar2(32) default SYS_GUID() PRIMARY KEY,
roleName VARCHAR2(50) ,
roleDesc VARCHAR2(50)
);

-- 角色表数据
Insert into ROLE (ID,ROLENAME,ROLEDESC) values ('4C088B078B1A4E15B3C8969B6E211A12','ROLE_ADMIN','管理员');
Insert into ROLE (ID,ROLENAME,ROLEDESC) values ('FBEF2B52E67C4551ACD043ABA76E9FC5','TEST','测试');
Insert into ROLE (ID,ROLENAME,ROLEDESC) values ('A925C4096CD548C0875A3EC59DF854F6','ROLE_USER','普通用户');


-- 8、用户与角色之间是多对多关系，我们通过中间表user_role表来描述其关联
CREATE TABLE users_role(
userId varchar2(32),
roleId varchar2(32),
PRIMARY KEY(userId,roleId),
FOREIGN KEY (userId) REFERENCES users(id),
FOREIGN KEY (roleId) REFERENCES role(id)
);

-- user_role表数据
Insert into USERS_ROLE (USERID,ROLEID) values ('68A67271139A466491FE711756F86425','4C088B078B1A4E15B3C8969B6E211A12');
Insert into USERS_ROLE (USERID,ROLEID) values ('7D7C7AD9446C4E17A5DE8DBB71105335','A925C4096CD548C0875A3EC59DF854F6');
Insert into USERS_ROLE (USERID,ROLEID) values ('68A67271139A466491FE711756F86425','A925C4096CD548C0875A3EC59DF854F6');
Insert into USERS_ROLE (USERID,ROLEID) values ('CB24CF577D944271BA0FFBD70116F4C7','A925C4096CD548C0875A3EC59DF854F6');
Insert into USERS_ROLE (USERID,ROLEID) values ('C28B8E7FAD924B5D84045ED390DB6C18','4C088B078B1A4E15B3C8969B6E211A12');
Insert into USERS_ROLE (USERID,ROLEID) values ('C28B8E7FAD924B5D84045ED390DB6C18','A925C4096CD548C0875A3EC59DF854F6');


-- 9、创建资源权限表
CREATE TABLE permission(
id varchar2(32) default SYS_GUID() PRIMARY KEY,
permissionName VARCHAR2(50) ,
url VARCHAR2(50)
);

-- 资源权限表数据
Insert into PERMISSION (ID,PERMISSIONNAME,URL) values ('299F670E4AF24796AF98F5FA47FD0EBD','用户管理','/user/*.do');
Insert into PERMISSION (ID,PERMISSIONNAME,URL) values ('58150DADB626406BA7F074147E490CBC','角色管理','/role/*.do');
Insert into PERMISSION (ID,PERMISSIONNAME,URL) values ('249C14AA6EC7459C8C4A896BB84EA6EF','登录','login');
Insert into PERMISSION (ID,PERMISSIONNAME,URL) values ('6C7F230637734FCCA0F082132808A9E8','资源权限管理','/permission/*.do');
Insert into PERMISSION (ID,PERMISSIONNAME,URL) values ('9C98E9F73704441D902D5461F9386157','访问日志管理','/sysLog/*.do');
Insert into PERMISSION (ID,PERMISSIONNAME,URL) values ('D7A377FD7D3A49568C65B9B1439EEA77','产品管理','/product/*.do');
Insert into PERMISSION (ID,PERMISSIONNAME,URL) values ('B5AC3AE960074DBE97910E9F2848A0CE','订单管理','/orders/*.do');


-- 10、权限资源与角色是多对多关系，我们需要中间表role_permission表来描述
CREATE TABLE role_permission(
permissionId varchar2(32),
roleId varchar2(32),
PRIMARY KEY(permissionId,roleId),
FOREIGN KEY (permissionId) REFERENCES permission(id),
FOREIGN KEY (roleId) REFERENCES role(id)
);

-- role_permission表数据
Insert into ROLE_PERMISSION (PERMISSIONID,ROLEID) values ('299F670E4AF24796AF98F5FA47FD0EBD','4C088B078B1A4E15B3C8969B6E211A12');
Insert into ROLE_PERMISSION (PERMISSIONID,ROLEID) values ('6C7F230637734FCCA0F082132808A9E8','4C088B078B1A4E15B3C8969B6E211A12');
Insert into ROLE_PERMISSION (PERMISSIONID,ROLEID) values ('299F670E4AF24796AF98F5FA47FD0EBD','FBEF2B52E67C4551ACD043ABA76E9FC5');
Insert into ROLE_PERMISSION (PERMISSIONID,ROLEID) values ('9C98E9F73704441D902D5461F9386157','4C088B078B1A4E15B3C8969B6E211A12');
Insert into ROLE_PERMISSION (PERMISSIONID,ROLEID) values ('249C14AA6EC7459C8C4A896BB84EA6EF','FBEF2B52E67C4551ACD043ABA76E9FC5');
Insert into ROLE_PERMISSION (PERMISSIONID,ROLEID) values ('D7A377FD7D3A49568C65B9B1439EEA77','FBEF2B52E67C4551ACD043ABA76E9FC5');
Insert into ROLE_PERMISSION (PERMISSIONID,ROLEID) values ('58150DADB626406BA7F074147E490CBC','4C088B078B1A4E15B3C8969B6E211A12');
Insert into ROLE_PERMISSION (PERMISSIONID,ROLEID) values ('249C14AA6EC7459C8C4A896BB84EA6EF','4C088B078B1A4E15B3C8969B6E211A12');
Insert into ROLE_PERMISSION (PERMISSIONID,ROLEID) values ('D7A377FD7D3A49568C65B9B1439EEA77','A925C4096CD548C0875A3EC59DF854F6');
Insert into ROLE_PERMISSION (PERMISSIONID,ROLEID) values ('B5AC3AE960074DBE97910E9F2848A0CE','A925C4096CD548C0875A3EC59DF854F6');
Insert into ROLE_PERMISSION (PERMISSIONID,ROLEID) values ('249C14AA6EC7459C8C4A896BB84EA6EF','A925C4096CD548C0875A3EC59DF854F6');


-- 11、创建日志表
CREATE TABLE sysLog(
id VARCHAR2(32) default SYS_GUID() PRIMARY KEY,
visitTime timestamp,
username VARCHAR2(50),
ip VARCHAR2(30),
url VARCHAR2(50),
executionTime int,
method VARCHAR2(200)
);

-- 日志表数据
Insert into SYSLOG (ID,VISITTIME,USERNAME,IP,URL,EXECUTIONTIME,METHOD) values ('5627D76DC355482E950BCB75C6DEB327',to_timestamp('03-10月-19 05.12.57.771000000 下午','DD-MON-RR HH.MI.SS.FF AM'),'admin','0:0:0:0:0:0:0:1','/user/findAll.do',183,'[类名] com.liujiajun.controller.UserController[方法名] findAll');
Insert into SYSLOG (ID,VISITTIME,USERNAME,IP,URL,EXECUTIONTIME,METHOD) values ('3626C6A14785444D9D2C53F733522DFA',to_timestamp('03-10月-19 05.12.59.935000000 下午','DD-MON-RR HH.MI.SS.FF AM'),'admin','0:0:0:0:0:0:0:1','/user/findAllRole.do',7,'[类名] com.liujiajun.controller.UserController[方法名] findAllRole');
Insert into SYSLOG (ID,VISITTIME,USERNAME,IP,URL,EXECUTIONTIME,METHOD) values ('E7E4F95482A0414A86ED27F2D1116FB1',to_timestamp('03-10月-19 05.13.02.360000000 下午','DD-MON-RR HH.MI.SS.FF AM'),'admin','0:0:0:0:0:0:0:1','/user/findByName.do',4,'[类名] com.liujiajun.controller.UserController[方法名] findByName');
Insert into SYSLOG (ID,VISITTIME,USERNAME,IP,URL,EXECUTIONTIME,METHOD) values ('B13B87F8AFE94D6F82D69CDB0985CE77',to_timestamp('03-10月-19 05.13.06.169000000 下午','DD-MON-RR HH.MI.SS.FF AM'),'admin','0:0:0:0:0:0:0:1','/user/findByName.do',8,'[类名] com.liujiajun.controller.UserController[方法名] findByName');
Insert into SYSLOG (ID,VISITTIME,USERNAME,IP,URL,EXECUTIONTIME,METHOD) values ('32D86589D14A4633B1717D528FCD80E9',to_timestamp('03-10月-19 05.13.22.816000000 下午','DD-MON-RR HH.MI.SS.FF AM'),'admin','0:0:0:0:0:0:0:1','/user/save.do',168,'[类名] com.liujiajun.controller.UserController[方法名] save');
Insert into SYSLOG (ID,VISITTIME,USERNAME,IP,URL,EXECUTIONTIME,METHOD) values ('F517E89D4EA74568917682CC6CB4070A',to_timestamp('03-10月-19 06.06.22.959000000 下午','DD-MON-RR HH.MI.SS.FF AM'),'admin','0:0:0:0:0:0:0:1','/user/edit.do',14,'[类名] com.liujiajun.controller.UserController[方法名] edit');
Insert into SYSLOG (ID,VISITTIME,USERNAME,IP,URL,EXECUTIONTIME,METHOD) values ('D40CF6F59B504FAAA6D712DF0124B4A3',to_timestamp('03-10月-19 06.06.23.492000000 下午','DD-MON-RR HH.MI.SS.FF AM'),'admin','0:0:0:0:0:0:0:1','/user/edit.do',17,'[类名] com.liujiajun.controller.UserController[方法名] edit');
Insert into SYSLOG (ID,VISITTIME,USERNAME,IP,URL,EXECUTIONTIME,METHOD) values ('E93BCF3F39274725A93688452C5AB106',to_timestamp('03-10月-19 06.10.50.120000000 下午','DD-MON-RR HH.MI.SS.FF AM'),'admin','0:0:0:0:0:0:0:1','/user/edit.do',9,'[类名] com.liujiajun.controller.UserController[方法名] edit');
Insert into SYSLOG (ID,VISITTIME,USERNAME,IP,URL,EXECUTIONTIME,METHOD) values ('7CBEEC96A6604B33AD34544ABF20F7A6',to_timestamp('03-10月-19 06.22.27.110000000 下午','DD-MON-RR HH.MI.SS.FF AM'),'admin','0:0:0:0:0:0:0:1','/user/findAll.do',10,'[类名] com.liujiajun.controller.UserController[方法名] findAll');
Insert into SYSLOG (ID,VISITTIME,USERNAME,IP,URL,EXECUTIONTIME,METHOD) values ('3D001CCE47A14B31A0DB093A97E1B659',to_timestamp('03-10月-19 06.22.28.654000000 下午','DD-MON-RR HH.MI.SS.FF AM'),'admin','0:0:0:0:0:0:0:1','/user/edit.do',8,'[类名] com.liujiajun.controller.UserController[方法名] edit');
Insert into SYSLOG (ID,VISITTIME,USERNAME,IP,URL,EXECUTIONTIME,METHOD) values ('EAF573963E6741D58D040F3C3360862F',to_timestamp('03-10月-19 06.22.30.048000000 下午','DD-MON-RR HH.MI.SS.FF AM'),'admin','0:0:0:0:0:0:0:1','/user/findAll.do',5,'[类名] com.liujiajun.controller.UserController[方法名] findAll');
Insert into SYSLOG (ID,VISITTIME,USERNAME,IP,URL,EXECUTIONTIME,METHOD) values ('858F4247CE6E450CBAC154481F6211AC',to_timestamp('03-10月-19 06.22.31.014000000 下午','DD-MON-RR HH.MI.SS.FF AM'),'admin','0:0:0:0:0:0:0:1','/user/edit.do',12,'[类名] com.liujiajun.controller.UserController[方法名] edit');
Insert into SYSLOG (ID,VISITTIME,USERNAME,IP,URL,EXECUTIONTIME,METHOD) values ('51AB07D534FB4B5D83B83A5E274AA259',to_timestamp('03-10月-19 06.22.45.026000000 下午','DD-MON-RR HH.MI.SS.FF AM'),'admin','0:0:0:0:0:0:0:1','/user/findAll.do',5,'[类名] com.liujiajun.controller.UserController[方法名] findAll');
Insert into SYSLOG (ID,VISITTIME,USERNAME,IP,URL,EXECUTIONTIME,METHOD) values ('02C52D112F074F3D8020300F107D8DE0',to_timestamp('03-10月-19 06.22.46.110000000 下午','DD-MON-RR HH.MI.SS.FF AM'),'admin','0:0:0:0:0:0:0:1','/user/edit.do',17,'[类名] com.liujiajun.controller.UserController[方法名] edit');
Insert into SYSLOG (ID,VISITTIME,USERNAME,IP,URL,EXECUTIONTIME,METHOD) values ('ACCEC7DC491A47DAA232ACA74A447735',to_timestamp('03-10月-19 06.22.55.851000000 下午','DD-MON-RR HH.MI.SS.FF AM'),'admin','0:0:0:0:0:0:0:1','/role/findAll.do',19,'[类名] com.liujiajun.controller.RoleController[方法名] findAll');
Insert into SYSLOG (ID,VISITTIME,USERNAME,IP,URL,EXECUTIONTIME,METHOD) values ('A4A14634F07E412292B9DD3D566988A6',to_timestamp('03-10月-19 06.22.59.666000000 下午','DD-MON-RR HH.MI.SS.FF AM'),'admin','0:0:0:0:0:0:0:1','/user/edit.do',13,'[类名] com.liujiajun.controller.UserController[方法名] edit');
Insert into SYSLOG (ID,VISITTIME,USERNAME,IP,URL,EXECUTIONTIME,METHOD) values ('F67367B2B5DB49CC8FBEB6E0257ED384',to_timestamp('04-10月-19 12.22.09.884000000 上午','DD-MON-RR HH.MI.SS.FF AM'),'admin','0:0:0:0:0:0:0:1','/role/findAllPermission.do',2887,'[类名] com.liujiajun.controller.RoleController[方法名] findAllPermission');
Insert into SYSLOG (ID,VISITTIME,USERNAME,IP,URL,EXECUTIONTIME,METHOD) values ('AEBB6779D8914B3DB473FE2327520934',to_timestamp('04-10月-19 02.20.06.609000000 下午','DD-MON-RR HH.MI.SS.FF AM'),'admin','0:0:0:0:0:0:0:1','/product/findProduct.do',50,'[类名] com.liujiajun.controller.ProductController[方法名] findProduct');
Insert into SYSLOG (ID,VISITTIME,USERNAME,IP,URL,EXECUTIONTIME,METHOD) values ('5A310E91A0824E81883B0B64667430F3',to_timestamp('04-10月-19 02.20.19.565000000 下午','DD-MON-RR HH.MI.SS.FF AM'),'admin','0:0:0:0:0:0:0:1','/user/findAll.do',28,'[类名] com.liujiajun.controller.UserController[方法名] findAll');
Insert into SYSLOG (ID,VISITTIME,USERNAME,IP,URL,EXECUTIONTIME,METHOD) values ('60E16BB8FA164E079DA505857A1EA528',to_timestamp('04-10月-19 02.20.33.198000000 下午','DD-MON-RR HH.MI.SS.FF AM'),'admin','0:0:0:0:0:0:0:1','/role/findAll.do',20,'[类名] com.liujiajun.controller.RoleController[方法名] findAll');
Insert into SYSLOG (ID,VISITTIME,USERNAME,IP,URL,EXECUTIONTIME,METHOD) values ('1B3C6C366D834F6399F75764DAD63A17',to_timestamp('04-10月-19 02.20.35.589000000 下午','DD-MON-RR HH.MI.SS.FF AM'),'admin','0:0:0:0:0:0:0:1','/role/findAll.do',6,'[类名] com.liujiajun.controller.RoleController[方法名] findAll');
Insert into SYSLOG (ID,VISITTIME,USERNAME,IP,URL,EXECUTIONTIME,METHOD) values ('1495E5A737484D3C8C1D900DE720AA02',to_timestamp('04-10月-19 02.20.40.665000000 下午','DD-MON-RR HH.MI.SS.FF AM'),'admin','0:0:0:0:0:0:0:1','/permission/findAll.do',12,'[类名] com.liujiajun.controller.PermissionController[方法名] findAll');
Insert into SYSLOG (ID,VISITTIME,USERNAME,IP,URL,EXECUTIONTIME,METHOD) values ('3001E23CE63F47C0A6E06CA452A552A7',to_timestamp('04-10月-19 02.21.49.237000000 下午','DD-MON-RR HH.MI.SS.FF AM'),'zhangsan','0:0:0:0:0:0:0:1','/product/findAll.do',9,'[类名] com.liujiajun.controller.ProductController[方法名] findAll');
Insert into SYSLOG (ID,VISITTIME,USERNAME,IP,URL,EXECUTIONTIME,METHOD) values ('EAC13B13CAF64082B549FD560A34299F',to_timestamp('04-10月-19 02.21.50.783000000 下午','DD-MON-RR HH.MI.SS.FF AM'),'zhangsan','0:0:0:0:0:0:0:1','/orders/findAll.do',5,'[类名] com.liujiajun.controller.OrdersController[方法名] findAll');
Insert into SYSLOG (ID,VISITTIME,USERNAME,IP,URL,EXECUTIONTIME,METHOD) values ('96BA7066D6A64ECF832F89D98671BC2B',to_timestamp('04-10月-19 02.21.58.254000000 下午','DD-MON-RR HH.MI.SS.FF AM'),'zhangsan','0:0:0:0:0:0:0:1','/productupdate.do',2,'[类名] com.liujiajun.controller.ProductController[方法名] updateUI');
Insert into SYSLOG (ID,VISITTIME,USERNAME,IP,URL,EXECUTIONTIME,METHOD) values ('523590734066487EB91859498408827F',to_timestamp('04-10月-19 02.22.03.351000000 下午','DD-MON-RR HH.MI.SS.FF AM'),'zhangsan','0:0:0:0:0:0:0:1','/productupdate.do',64,'[类名] com.liujiajun.controller.ProductController[方法名] update');

